<?xml version="1.0" encoding="UTF-8" standalone="yes"?>
<addon id="repository.praest76" name="PRAEst76's Kodi repository" version="0.2" provider-name="praest-76">
    <extension point="xbmc.addon.repository" name="PRAEst76's Kodi repository">
        <dir>
		<info compressed="false">https://raw.githubusercontent.com/PRAEst-76/repository.praest76/master/repo/zips/addons.xml</info>
            <checksum>https://raw.githubusercontent.com/PRAEst-76/repository.praest76/master/repo/zips/addons.xml.md5</checksum>
            <datadir zip="true">https://raw.githubusercontent.com/PRAEst-76/repository.praest76/master/repo/zips/</datadir>
        </dir>
    </extension>
    <extension point="xbmc.addon.metadata">
        <summary>PRAEst76's Kodi repository</summary>
        <description>Various kodi addons the developer has developed or updated from other developers etc. Mainly of personal interest.</description>
        <disclaimer>The developer is a hobbyist with no idea what they are doing. They are not responsible for any damage or injury caused by the contents of this repo, associated metadata or indeed anything.</disclaimer>
        <platform>all</platform>
        <assets>
            <icon>icon.jpg</icon>
            <fanart>fanart.jpg</fanart>
        </assets>
    </extension>
</addon>
