<?xml version="1.0" encoding="UTF-8" standalone="yes"?>
<addon id="repository.praest76" name="PRAEst76's Kodi repository" version="0.1" provider-name="praest-76">
    <extension point="xbmc.addon.repository" name="PRAEst76's Kodi repository">
        <dir>
		<info compressed="false">https://raw.githubusercontent.com/PRAEst-76/repository.praest76/master/repo/zips/addons.xml</info>
            <checksum>https://raw.githubusercontent.com/PRAEst-76/repository.praest76/master/repo/zips/addons.xml.md5</checksum>
            <datadir zip="true">https://raw.githubusercontent.com/PRAEst-76/repository.praest76/master/repo/zips/</datadir>
        </dir>
    </extension>
    <extension point="xbmc.addon.metadata">
        <summary>PRAEst76's Kodi repository</summary>
        <description>Repository for Kodi addons</description>
        <disclaimer></disclaimer>
        <platform>all</platform>
        <assets>
            <icon>icon.png</icon>
            <fanart>fanart.jpg</fanart>
        </assets>
    </extension>
</addon>
