{
	"3do": "3DO",
	"3ds": "Nintendo 3DS",
	"abuse": "PC",
	"actionmax": "ActionMax",
	"adam": "Coleco Adam",
	"advision": "Adventure Vision",
	"alephone": "PC",
	"amiga": "Commodore Amiga",
	"amiga1200": "Commodore Amiga A1200",
	"amiga4000": "Commodore Amiga 4000",
	"amiga500": "Commodore Amiga 500",
	"amigacd32": "Commodore Amiga CD32",
	"amigacdtv": "Commodore Amiga CDTV",
	"amstradcpc": "Amstrad CPC",
	"apfm1000": "APF M-1000",
	"apple2": "Apple II",
	"apple2gs": "Apple IIGS",
	"arcade": "Arcade",
	"arcadia": "Arcadia 2001",
	"archimedes": "Acorn Archimedes",
	"arduboy": "Arduino",
	"astrocade": "Bally Astrocade",
	"astrocde": "Bally Astrocade",
	"atari2600": "Atari 2600",
	"atari5200": "Atari 5200",
	"atari7800": "Atari 7800",
	"atari800": "Atari 800",
	"atarist": "Atari ST",
	"atom": "Acorn Atom",
	"atomiswave": "Sammy atomiswave",
	"bbc": "BBC Micro",
	"boom3": "PC",
	"c128": "Commodore 128",
	"c20": "Commodore VIC-20",
	"c64": "Commodore C64",
	"camplynx": "Camputers Lynx",
	"cannonball": "Arcade",
	"casloopy": "Casio Loopy",
	"cave": "Arcade",
	"cavestory": "PC",
	"cdi": "Phillips CDi",
	"cdogs": "PC",
	"cgenius": "PC",
	"channelf": "Fairchild Channel F",
	"chihiro": "Sega Chihiro",
	"coco": "Tandy CoCo",
	"colecovision": "Coleco Vision",
	"commanderx16": "Commander X16",
	"corsixth": "PC",
	"cplus4": "Commodore Plus/4",
	"cps1": "Arcade",
	"cps2": "Arcade",
	"cps3": "Arcade",
	"crvision": "VTech CreatiVision",
	"daphne": "Arcade",
	"descent1": "PC",
	"desktop": "PC",
	"devilutionx": "PC",
	"dinothawr": "PC",
	"doom3": "PC",
	"dos": "PC",
	"dreamcast": "Sega Dreamcast",
	"easyrpg": "RPG Maker",
	"ecwolf": "PC",
	"eduke32": "PC",
	"electron": "Acorn electron",
	"etlegacy": "PC",
    "fallout1-ce": "PC",
    "fallout2-ce": "PC",
	"fba": "Arcade",
	"fbneo": "Arcade",
	"fds": "Nintendo Famicom",
	"flash": "Macromedia Flash",
	"fm7": "Fujitsu Micro 7",
	"fmtowns": "FM Towns/Marty",
	"fpinball": "Future Pinball",
	"fury": "PC",
	"gaelco": "Arcade",
	"gamate": "Gamate",
	"gameandwatch": "Nintendo Game and Watch",
	"gamecom": "Game.com",
	"gamecube": "Nintendo Gamecube",
	"gamegear": "Sega Gamegear",
	"gamepock": "Epoch Game Pocket Computer",
	"gb": "Nintendo Game Boy",
	"gb2players": "Nintendo Game Boy",
	"gba": "Nintendo Game Boy Advance",
	"gba2players": "Nintendo Game Boy Advance",
	"gbc": "Nintendo Game Boy Color",
	"gbc2players": "Nintendo Game Boy Color",
	"gemrb": "PC",
	"gmaster": "Game Master",
	"gp32": "Game Park 32",
	"gx4000": "Amstrad GX4000",
	"gzdoom": "PC",
	"hbmame": "Arcade",
	"hcl": "PC",
	"hikaru": "Sega Hikaru",
	"hurrican": "PC",
	"ikemen": "PC",
	"intellivision": "Mattel Intellivision",
	"iortcw": "PC",
	"j2me": "Java 2 Mobile Edition",
	"jaguar": "Atari Jaguar",
	"jaguarcd": "Atari Jaguar CD",
	"karaoke": "Karaoke",
	"kodi": "Kodi",
	"laser310": "VTech Laser 200",
	"lcdgames": "Handheld Electronic Game",
	"love": "PC",
	"lowresnx": "PC",
	"lutro": "PC",
	"lynx": "Atari Lynx",
	"macintosh": "Apple Macintosh",
	"mame": "Arcade",
    "mame-libretro": "Arcade",
    "mame-mame4all": "Arcade",
	"mastersystem": "Sega Mastersystem",
	"megadrive": "Sega Megadrive",
    "megadrive-msu": "Sega Megadrive",
	"megaduck": "Mega Duck",
	"model2": "Arcade",
	"model3": "Arcade",
	"moonlight": "PC",
	"mrboom": "PC",
    "msu-md": "Sega Megadrive Plus",
	"msx1": "MSX",
	"msx2": "MSX 2",
    "msx2+": "MSX 2+",
	"msxturbor": "MSX Turbor",
	"mugen": "Arcade",
	"multivision": "Othello Multivision",
	"n64": "Nintendo 64",
	"n64dd": "Nntendo 64DD",
	"namco2x6": "Arcade",
	"naomi": "Arcade",
	"naomi2": "Arcade",
	"nds": "Nintendo DS",
	"neogeo": "SNK NeoGeo",
	"neogeo64": "SNK NeoGeo 64",
	"neogeocd": "SNK NeoGeo CD",
	"nes": "Nintendo Entertainment System",
	"ngage": "Nokia N-Gage",
	"ngage2": "Nokia N-Gage 2.0",
	"ngp": "SNK NeoGeo Pocket",
	"ngpc": "SNK NEoGeo Pocket Color",
	"o2em": "Magnavox Odyssey 2",
	"odcommander": "OD Commander",
	"openbor": "PC",
	"opengoal": "PC",
	"openjazz": "PC",
 	"openlara": "PC",
	"oricatmos": "Oric Atmos",
	"pc88": "NEC PC-8800",
	"pc98": "NEC PC-9800",
	"pcengine": "NEC PC Engine",
	"pcenginecd": "NEC PC Engine CD",
	"pcfx": "NEC PC-FX",
	"pdp1": "DEC PDP-1",
	"pet": "Commodore PET",
	"pico": "Sega Pico",
	"pico8": "PICO-8",
	"pinballfx": "Pinball FX",
	"pinballfx2": "Pinball FX 2",
	"pinballfx3": "Pinball FX 3",
	"pinballm": "Pinball M",
	"plugnplay": "TV Games",
	"pokemini": "Pokemon Mini",
	"ports": "PC",
	"prboom": "PC",
    "ps2": "Sony PlayStation 2",
	"ps3": "Sony PlayStation 3",
	"psp": "Sony PlayStation Portable",
	"psvita": "Sony PlayStation Vita",
	"psx": "Sony PlayStation",
	"pv1000": "Casio PV-1000",
	"pygame": "PC",
	"quake3": "PC",
	"raze": "PC",
	"reminiscence": "PC",
	"rott": "PC",
	"samcoupe": "SAM Coupé",
	"satellaview": "Nintendo Satellaview",
	"saturn": "Sega Saturn",
	"scummvm": "PC",
	"scv": "Epoch Super CassetteVision",
	"sdlpop": "PC",
	"sega32x": "Sega 32x",
	"segacd": "Sega CD",
	"segastv": "Sega S-TV",
    "sg-1000": "Sega SG-1000",
	"sg1000": "Sega SG-1000",
	"sgb": "Nintendo Super Game Boy",
	"singe": "Arcade",
	"snes": "Super Nintendo Entertainment System",
    "snes-msu": "Super Nintendo Entertainment System",
    "snes-msu1": "Super Nintendo Entertainment System",
	"socrates": "VTech Socrates",
	"solarus": "Solarus",
    "sonic3-air": "Sonic 3 AIR",
	"sonic3air": "Sonic 3 AIR",
    "sonic-mania": "Sonic Mania",
	"sonicmania": "Sonic Mania",
	"sonicretro":"Sonic Retro",
	"spectravideo": "SpectraVideo",
	"steam": "PC",
	"sufami": "SuFami Turbo",
	"superbroswar": "PC",
	"supergrafx": "PC Engine SuperGrafx",
	"supervision": "Watara SuperVision",
	"supracan": "Super A'can",
	"switch": "Nintendo Switch",
	"teknoparrot": "Arcade",
	"theforceengine": "PC",
	"thomson": "Thomson MO/TO",
	"ti99": "TI/99",
	"tic80": "TIC-80",
	"triforce": "Arcade",
	"tutor": "Tomy Tutor",
	"tvgames": "TV Games",
	"tyrian": "PC",
	"tyrquake": "PC",
	"uqm": "PC",
	"uzebox": "Uzebox",
	"vc4000": "Interton Video Computer 4000",
	"vectrex": "GCE Vectrex",
	"vgmplay": "Video Game Music",
	"videopacplus": "Phillips VdeoPac+",
	"vircon32": "Vircon32",
	"virtualboy": "Nintendo Virtual Boy",
	"vis": "Tandy Video Information System",
	"vitaquake2": "PC",
	"vpinball": "Visual Pinball",
	"vsmile": "VTech V.Smile",
	"wasm4": "WASM4",
	"web": "Browser Game",
	"wii": "Nintendo Wii",
	"wiiu": "Nintendo Wii U",
	"windows": "PC",
    "windows_installers": "PC",
	"wswan": "Bandai Wonderswan",
	"wswanc": "Bandai Wonderswan Color",
	"x1": "Sharp X1",
	"x68000": "Sharp X68000",
    "xash3d_fwgs": "PC",
	"xbox": "Microsoft X-Box",
	"xbox360": "Microsoft X-Box 360",
	"xegs": "Atari XEGS",
	"xrick": "PC",
	"zaccariapinball": "Arcade",
	"zc210": "Zelda Classic",
	"zinc": "Arcade",
	"zmachine": "Infocom Z-Machine",
	"zx81": "Sinclair ZX81",
	"zxspectrum": "Sinclair Zx Spectrum"
}