<?xml version="1.0" encoding="UTF-8" standalone="yes"?>
<addon id="script.batocera" name="Batocera Games" version="0.4.0" provider-name="PRAEst76">
    <requires>
        <import addon="xbmc.python" version="3.0.0" />
    </requires>
    <extension point="xbmc.python.pluginsource" library="default.py">
        <!--
        Set to video as the script doesn't seem to work if set as a program
         -->
        <provides>video game</provides>
    </extension>
    
    <!-- Metadata section -->
    <extension point="xbmc.addon.metadata">
        <summary>Fetches selected games from Batocera and RetroPie and displays them in a Kodi widget</summary>
        <description>Searches through gamelist.xml files in the roms directory for emulationStation-based systems like Batocera and RetroPie and displays favorited or latest games with their thumbnails and metadata as a selectable video widget.</description>
        <platform>linux</platform>
        <language>en</language>
        <license>GNU GENERAL PUBLIC LICENSE. Version 3, June 2007</license>
        <source>https://github.com/PRAEst-76/script.batocerawidget</source>
        <disclaimer>This addon only works if used ontop of an EmulationStation-based distro like Batocera or RetroPie. May work with other ES-based setups such as ES-DE or RetroBat, but no guarantee is given.</disclaimer>
        <news>
            v0.3.1 (2025-02-11)
            - Added wheel as clearart

            v0.2.1 (2024-11-01)
            - Separate widgets for favorites and latest added games.
            - Added support for RetroPie.
            - Implemented custom romdir.
            - Implemented custom run command.
            - Added option in settings to force a rescan.

            v0.1.1 (2024-10-27)
            - Mostly works. Added support for RetroPie as well as Batocera. May work for other EmulationStation-based systems.</news>

        <assets>
            <icon>resources/icon.png</icon>
            <fanart>resources/fanart.jpg</fanart>
            <screenshot>resources/screenshot-01.png</screenshot>
        </assets>
    </extension>
</addon>